[{"name": "Basic Bird", "attribute": "Bird", "card_type": "P", "cost": "0", "quick": false, "description": "once per turn: cannot be fired"}, {"name": "Night Shift Bird", "attribute": "Bird", "card_type": "P", "cost": "0", "quick": false, "description": "earn 1 pt when hired. If on the field, return to hand during end phase. "}, {"name": "Desperate Bird", "attribute": "Bird", "card_type": "P", "cost": "2", "quick": false, "description": "does not require payment"}, {"name": "Reception Bird", "attribute": "Bird", "card_type": "P", "cost": "1", "quick": false, "description": "when hired, you can consult another penguin that costs 1 or less pts"}, {"name": "Internship", "attribute": "Bird", "card_type": "S", "cost": "0", "quick": false, "description": "reduce the cost of placing a penguin by 1"}, {"name": "Dismissal", "attribute": "Bird", "card_type": "S", "cost": "1", "quick": false, "description": "fire a 0pt penguin"}, {"name": "Lunch break", "attribute": "Bird", "card_type": "S", "cost": "2", "quick": false, "description": "prevent the activation of a spell"}, {"name": "Coffee pot refill", "attribute": "Bird", "card_type": "S", "cost": "2", "quick": false, "description": "draw 2 cards"}, {"name": "Career fair", "attribute": "Bird", "card_type": "S", "cost": "1", "quick": false, "description": "shuffle a penguin from trash into the deck"}, {"name": "Bad fit", "attribute": "Bird", "card_type": "S", "cost": "1", "quick": false, "description": "prevent a 0pt penguin from being hired"}, {"name": "Cubicle", "attribute": "Bird", "card_type": "I", "cost": "0", "quick": false, "description": "every adjacent penguin earns 1 extra pt. If more than one penguin is adjacent, destroy this card."}, {"name": "Number 2 pencil", "attribute": "Bird", "card_type": "I", "cost": "1", "quick": false, "description": "earn 2 points per turn if at least one penguin is adjacent to this card"}, {"name": "Access Bird", "attribute": "Tech", "card_type": "P", "cost": "1", "quick": false, "description": "once per turn: you can move this card"}, {"name": "Startup Bird", "attribute": "Tech", "card_type": "P", "cost": "0", "quick": false, "description": "if placed adjacent to another penguin, gain 2 pts when hired"}, {"name": "Eureka Bird", "attribute": "Tech", "card_type": "P", "cost": "2", "quick": false, "description": "once per turn: you may pay 1 pt to add one item from your trash to your hand"}, {"name": "Fishbook Pro", "attribute": "Tech ", "card_type": "I", "cost": "2", "quick": false, "description": "once per turn: you can consult a penguin to a space adjacent to this card"}, {"name": "Search Engine", "attribute": "Tech", "card_type": "S", "cost": "1", "quick": false, "description": "add 1 penguin from your deck to your hand"}, {"name": "Sois Bird (\"sue chef\")", "attribute": "Food", "card_type": "P", "cost": "1", "quick": false, "description": "once per turn: if this penguin is adjacent to a restaurant, earn 1 pt for every non-Food penguin adjacent to that restaraunt"}, {"name": "(Restaurant Name)", "attribute": "Bird", "card_type": "I", "cost": "0", "quick": false, "description": ""}, {"name": "Spicy Dish", "attribute": "Bird", "card_type": "S", "cost": "1", "quick": false, "description": "destroy a restaurant and fire any adjacent penguins"}, {"name": "Sweet Dish", "attribute": "Food", "card_type": "S", "cost": "1", "quick": false, "description": "choose 1 restaurant. the controllers of adjacent penguins earn 1 pt for each penguin. "}, {"name": "Maitre'd", "attribute": "Food", "card_type": "S", "cost": "0", "quick": false, "description": ""}, {"name": "5 star review", "attribute": "Food", "card_type": "S", "cost": "2", "quick": false, "description": "move a penguin on the field to a space adjacent to a Restaraunt"}]