{
    "BlankE":[
        {"title":"Props/Methods","file":"blanke.md"},
        {"title":"What to put in main.lua","file":"blanke_main.md"},
        {"title":"Setting options","file":"blanke_options.md"},
        {"title":"Tips: Things to watch out for with BlankE","file":"blanke_tips.md"}
    ],
    "Asset":[
        {"title":"What they are and how to add them","file":"asset.md"}
    ],
    "Draw":[
        {"title":"Props/Methods","file":"draw.md"}
    ],
    "Effect":[
        {"title":"Instance Methods","file":"effect.md"},
        {"title":"How to use shaders","file":"effect_usage.md"},
        {"title":"How to create shaders","file":"effect_create.md"}
    ],
    "Entity":[
        {"title":"Instance Props/Methods","file":"entity.md"},
        {"title":"Callbacks","file":"entity_callbacks.md"},
        {"title":"How to make one an Entity","file":"entity_creation.md"},
        {"title":"Collision detection","file":"entity_collision.md"}
    ],
    "Font":[
        {"title":"Using a font","file":"font.md"}
    ],
    "Group":[],
    "Plugins":[],
    "Other":[
        {"title":"Credits","file":"credits.md"}
    ]
}